{
  "train_loss": [
    1.5654686373575009,
    1.4783842290630778,
    1.4392336823692893,
    1.4156307536125992,
    1.4131993532585228,
    1.3945739126016705,
    1.3831309616009597,
    1.3821267521849856,
    1.3399130570069524,
    1.34699157513162,
    1.3018591749085051,
    1.266173581063225,
    1.239242986463914,
    1.230788633652855,
    1.2299668427608361,
    1.1947116409953717,
    1.1921853190058869,
    1.1666932586292982,
    1.1717300494916365,
    1.1556222037403536,
    1.1374739339400861,
    1.1308792757725088,
    1.1302564946277889,
    1.121491640342775,
    1.1281129864942634,
    1.1290845885801222,
    1.1359008985756143,
    1.1132201114751068,
    1.1168501489675413,
    1.118523951199623,
    1.1202311803973055,
    1.1057987289641718,
    1.1147225730864718,
    1.1228091009666867,
    1.1066615386032135,
    1.1149359327404722,
    1.1109447762357472,
    1.1279882724790005,
    1.1058370630923793,
    1.1120158992381226,
    1.1031309341285604,
    1.1118524825468488
  ],
  "train_acc": [
    34.66214305908962,
    39.75120158326265,
    41.871642635001415,
    42.521911224201304,
    43.31354255018377,
    45.66016398077467,
    44.67062482329658,
    44.529262086513995,
    46.62143059089624,
    47.58269720101781,
    48.996324568843654,
    50.155499010460844,
    52.04975968334747,
    51.7670342097823,
    52.58693808312129,
    53.265479219677694,
    54.2832909245123,
    54.70737913486005,
    54.566016398077466,
    56.375459428894544,
    55.49901046084252,
    56.48854961832061,
    56.74300254452926,
    57.33672603901611,
    57.39327113372915,
    56.31891433418151,
    56.00791631325983,
    57.05400056545095,
    57.223635849590046,
    57.11054566016398,
    56.60163980774668,
    57.70426915465083,
    57.19536330223353,
    57.28018094430308,
    57.53463387051173,
    58.35453774385072,
    57.167090754877016,
    56.827820186598814,
    57.70426915465083,
    57.50636132315522,
    58.55244557534634,
    57.873904438789936
  ],
  "val_loss": [
    1.3224382400512695,
    1.3364487508985172,
    1.3195898712153171,
    1.2688787738377312,
    1.1878247075470896,
    1.1712563503386162,
    1.3515249588244194,
    1.227868755763313,
    1.2032992279938468,
    1.3123832503849724,
    1.1021501030330607,
    1.0997601263126786,
    1.144337014032228,
    1.0509680094379235,
    1.0204273459150168,
    1.048310444034184,
    1.0222532585617106,
    1.0206094203334999,
    1.0324241993924244,
    0.978060425743264,
    0.9880635117163444,
    0.9840250145791388,
    0.9993274350279554,
    0.990406438354452,
    0.9695788178406164,
    0.9784851127689935,
    1.0105733946948694,
    0.9552683216915282,
    0.9805393804031814,
    0.9962574180638255,
    0.9627171713947307,
    0.9399916314198034,
    0.9606441855430603,
    0.9765072144115821,
    0.9794015282062238,
    0.9831373477674097,
    0.9402889073052318,
    0.9637853133646983,
    0.9723509839468077,
    0.9628343670223508,
    0.9860649981725185,
    0.9782955363432146
  ],
  "val_acc": [
    47.889182058047496,
    48.41688654353562,
    43.13984168865435,
    52.770448548812666,
    53.43007915567282,
    54.485488126649074,
    39.97361477572559,
    49.6042216358839,
    53.562005277044854,
    48.54881266490765,
    59.36675461741425,
    54.35356200527705,
    54.35356200527705,
    62.00527704485488,
    63.45646437994723,
    62.00527704485488,
    59.63060686015831,
    61.87335092348285,
    60.817941952506594,
    62.79683377308707,
    62.79683377308707,
    62.66490765171504,
    64.24802110817942,
    62.13720316622691,
    64.90765171503958,
    63.19261213720316,
    63.19261213720316,
    64.51187335092348,
    63.58839050131926,
    64.90765171503958,
    64.64379947229551,
    65.8311345646438,
    65.03957783641161,
    62.13720316622691,
    65.56728232189974,
    63.324538258575195,
    65.4353562005277,
    65.03957783641161,
    62.53298153034301,
    63.72031662269129,
    63.98416886543536,
    65.17150395778364
  ],
  "learning_rates": [
    0.001,
    0.001,
    0.001,
    0.001,
    0.001,
    0.001,
    0.001,
    0.001,
    0.001,
    0.001,
    0.0001,
    0.0001,
    0.0001,
    0.0001,
    0.0001,
    0.0001,
    0.0001,
    0.0001,
    0.0001,
    0.0001,
    1e-05,
    1e-05,
    1e-05,
    1e-05,
    1e-05,
    1e-05,
    1e-05,
    1e-05,
    1e-05,
    1e-05,
    1.0000000000000002e-06,
    1.0000000000000002e-06,
    1.0000000000000002e-06,
    1.0000000000000002e-06,
    1.0000000000000002e-06,
    1.0000000000000002e-06,
    1.0000000000000002e-06,
    1.0000000000000002e-06,
    1.0000000000000002e-06,
    1.0000000000000002e-06,
    1.0000000000000002e-07,
    1.0000000000000002e-07
  ]
}