{
  "train_loss": [
    0.906692575222023,
    0.6250832604172205,
    0.457933997548432,
    0.42652315654625217,
    0.3732639169133515,
    0.3319520256530777,
    0.2597919055422653,
    0.23709491632535426,
    0.23827077633737337,
    0.20648316370840966,
    0.11587672985422433,
    0.0684283777022382,
    0.04974710374885202,
    0.04492415469229339,
    0.033059012809394946,
    0.036770978389038755,
    0.029174995617843598,
    0.030958626831120478,
    0.025324590729824948,
    0.025321525374913504,
    0.019409715901541027,
    0.021498452154818132,
    0.018608983875728104,
    0.020565022784739456,
    0.016410726037509434,
    0.01825545884506629,
    0.018598303830228452,
    0.01802386531718486,
    0.016959317788957776,
    0.015459704594641865,
    0.01444225553354706,
    0.016722530794322305,
    0.01408152975424269,
    0.018348231871109715,
    0.020975131419052048,
    0.013613016195969163,
    0.01572312587850556,
    0.014012980889681708
  ],
  "train_acc": [
    67.88238620299688,
    77.41023466214305,
    84.11082838563755,
    84.81764206955047,
    88.01243992083687,
    88.71925360474978,
    91.26378286683631,
    91.57478088775798,
    91.71614362454058,
    92.67741023466215,
    96.29629629629629,
    98.24710206389595,
    98.67119027424371,
    98.8408255583828,
    99.18009612666101,
    98.95391574780888,
    99.18009612666101,
    98.9821882951654,
    99.3214588634436,
    99.3214588634436,
    99.60418433700876,
    99.57591178965225,
    99.60418433700876,
    99.46282160022618,
    99.68900197907831,
    99.40627650551315,
    99.60418433700876,
    99.60418433700876,
    99.71727452643484,
    99.57591178965225,
    99.68900197907831,
    99.57591178965225,
    99.71727452643484,
    99.6607294317218,
    99.57591178965225,
    99.68900197907831,
    99.6607294317218,
    99.8303647158609
  ],
  "val_loss": [
    1.0413669316309424,
    0.6518907517116114,
    1.0293896481355451,
    0.4528416525719977,
    0.4940207900975814,
    0.5376085086988585,
    0.3304755288252415,
    0.5019480284097012,
    0.44077314471821044,
    0.5702561648036685,
    0.1745261412339978,
    0.14056669908887792,
    0.13064356108925904,
    0.11981610181227838,
    0.1136895677659631,
    0.10991638898849487,
    0.11412344161312939,
    0.11899910269595074,
    0.10168046394171375,
    0.10301104060184987,
    0.10551451927046034,
    0.10303824192458533,
    0.1018649260845222,
    0.09874648370811996,
    0.10167397419113597,
    0.10174363584191315,
    0.10237960181245703,
    0.09435919226002253,
    0.10129934543434108,
    0.10295827110791898,
    0.09783232770368733,
    0.09553785698788148,
    0.10164394760430645,
    0.0970072523938949,
    0.0959307437364533,
    0.09769863383672482,
    0.09612212125654271,
    0.09547674370865708
  ],
  "val_acc": [
    63.98416886543536,
    79.02374670184696,
    69.78891820580475,
    86.54353562005277,
    86.54353562005277,
    83.24538258575198,
    89.1820580474934,
    81.79419525065963,
    86.2796833773087,
    82.18997361477572,
    94.85488126649076,
    96.04221635883906,
    96.43799472295514,
    96.7018469656992,
    97.4934036939314,
    96.96569920844327,
    97.36147757255937,
    97.0976253298153,
    96.83377308707124,
    97.36147757255937,
    97.0976253298153,
    97.36147757255937,
    97.4934036939314,
    97.62532981530343,
    97.22955145118733,
    97.62532981530343,
    97.62532981530343,
    97.4934036939314,
    97.4934036939314,
    97.36147757255937,
    97.62532981530343,
    97.75725593667546,
    97.22955145118733,
    97.8891820580475,
    97.36147757255937,
    97.4934036939314,
    97.75725593667546,
    97.75725593667546
  ],
  "learning_rates": [
    0.001,
    0.001,
    0.001,
    0.001,
    0.001,
    0.001,
    0.001,
    0.001,
    0.001,
    0.001,
    0.0001,
    0.0001,
    0.0001,
    0.0001,
    0.0001,
    0.0001,
    0.0001,
    0.0001,
    0.0001,
    0.0001,
    1e-05,
    1e-05,
    1e-05,
    1e-05,
    1e-05,
    1e-05,
    1e-05,
    1e-05,
    1e-05,
    1e-05,
    1.0000000000000002e-06,
    1.0000000000000002e-06,
    1.0000000000000002e-06,
    1.0000000000000002e-06,
    1.0000000000000002e-06,
    1.0000000000000002e-06,
    1.0000000000000002e-06,
    1.0000000000000002e-06
  ]
}